<?xml version="1.0" encoding="UTF-8"?>
<project-private xmlns="http://www.netbeans.org/ns/project-private/1">
    <editor-bookmarks xmlns="http://www.netbeans.org/ns/editor-bookmarks/2" lastBookmarkId="0"/>
    <open-files xmlns="http://www.netbeans.org/ns/projectui-open-files/2">
        <group>
            <file>file:/D:/Users/Shuic/Documents/NetBeansProjects/PHP_QCM/createQcm.php</file>
            <file>file:/D:/Users/Shuic/Documents/NetBeansProjects/PHP_QCM/traitementPlay.php</file>
            <file>file:/D:/Users/Shuic/Documents/NetBeansProjects/PHP_QCM/helper.php</file>
            <file>file:/D:/Users/Shuic/Documents/NetBeansProjects/PHP_QCM/qcmView.php</file>
            <file>file:/D:/Users/Shuic/Documents/NetBeansProjects/PHP_QCM/login.php</file>
            <file>file:/D:/Users/Shuic/Documents/NetBeansProjects/PHP_QCM/qcmViews.php</file>
            <file>file:/D:/Users/Shuic/Documents/NetBeansProjects/PHP_QCM/_conf.php</file>
            <file>file:/D:/Users/Shuic/Documents/NetBeansProjects/PHP_QCM/traitement.php</file>
            <file>file:/D:/Users/Shuic/Documents/NetBeansProjects/PHP_QCM/MesResultats.php</file>
        </group>
    </open-files>
</project-private>
